frame,action,pixel_diff,p_game,in_game
0,left,0.0,0.9995,1
1,right,23.84,0.9995,1
2,left,19.054,0.9999,1
3,left,24.204,0.9992,1
4,left,23.415,0.9989,1
5,left,21.981,0.9996,1
6,left,14.755,0.9969,1
7,left,3.609,0.9965,1
8,left,4.317,0.9968,1
9,left,4.209,0.9962,1
10,left,3.937,0.9952,1
11,down,3.331,0.9959,1
12,right,3.092,0.996,1
13,right,22.193,0.9993,1
14,right,21.372,0.9995,1
15,right,23.607,0.9998,1
16,left,25.597,0.9972,1
17,left,20.235,0.9994,1
18,left,25.277,0.9998,1
19,left,23.348,0.9996,1
20,left,21.571,0.9993,1
21,left,22.326,0.9972,1
22,down,3.954,0.9977,1
23,space,3.488,0.9964,1
24,left,3.632,0.9916,1
25,right,3.981,0.9922,1
26,up,21.466,0.9981,1
27,left,11.286,0.9999,1
28,left,21.984,0.9909,1
29,left,4.014,0.9959,1
30,left,4.665,0.9951,1
31,left,5.027,0.9963,1
32,left,3.986,0.997,1
33,right,20.361,0.9978,1
34,right,63.74,0.5257,1
35,right,80.905,0.9994,1
36,right,25.69,0.9998,1
37,up,18.838,0.9996,1
38,left,33.053,1.0,1
39,down,37.038,0.9996,1
40,right,28.393,0.9986,1
41,right,28.724,0.9999,1
42,right,33.97,0.9999,1
43,right,33.495,0.9999,1
44,down,30.591,0.9998,1
45,up,18.311,0.9999,1
46,left,19.417,0.9999,1
47,left,29.493,1.0,1
48,left,29.874,0.9999,1
49,left,26.777,0.9998,1
50,left,29.874,0.9997,1
51,left,28.37,0.9986,1
52,left,21.159,0.9959,1
53,right,3.999,0.9923,1
54,space,22.63,0.9992,1
55,right,14.789,0.9996,1
56,right,23.38,0.9994,1
57,right,28.852,0.9993,1
58,right,22.784,0.9996,1
59,right,31.62,0.9999,1
60,right,34.961,0.9996,1
61,left,30.473,0.9997,1
62,right,21.749,0.9999,1
63,right,28.124,0.9995,1
64,right,29.29,0.9994,1
65,right,26.238,0.9997,1
66,right,35.674,0.9997,1
67,right,22.871,0.9998,1
68,right,25.615,0.9998,1
69,right,24.681,0.9999,1
70,down,24.981,0.9999,1
71,right,14.97,0.9997,1
72,right,26.017,0.9997,1
73,right,26.076,0.9989,1
74,right,25.858,0.9995,1
75,left,24.523,0.999,1
76,left,23.384,0.9997,1
77,left,25.428,0.9996,1
78,left,26.275,0.9997,1
79,left,28.456,0.9999,1
80,left,26.706,0.9997,1
81,left,25.138,0.9994,1
82,right,26.133,0.9995,1
83,right,21.433,0.9998,1
84,right,23.98,0.9996,1
85,right,22.794,0.9998,1
86,right,25.576,0.9999,1
87,space,28.315,0.9997,1
88,space,15.524,0.9998,1
89,left,3.485,0.9996,1
90,left,26.96,0.9998,1
91,left,27.287,0.9998,1
92,left,25.96,0.9996,1
93,left,26.641,0.9991,1
94,down,25.855,0.9997,1
95,right,17.245,0.9995,1
96,right,25.061,0.9997,1
97,right,25.13,0.9998,1
98,right,23.871,0.9999,1
99,right,25.197,0.9999,1
100,right,26.307,0.9996,1
101,right,26.942,0.9994,1
102,right,26.127,0.9996,1
103,right,25.007,0.9996,1
104,right,25.157,0.9997,1
105,left,22.842,0.9998,1
106,left,22.656,0.9992,1
107,left,25.256,0.9997,1
108,left,23.823,0.9979,1
109,left,24.47,0.9983,1
110,left,24.909,0.9996,1
111,left,26.238,0.9999,1
112,left,24.009,0.9999,1
113,left,25.419,0.9995,1
114,left,26.4,0.9998,1
115,left,25.048,0.9998,1
116,left,28.898,0.9993,1
117,down,28.575,0.9992,1
118,down,14.942,0.9985,1
119,left,3.259,0.9992,1
120,left,25.432,0.9964,1
121,left,25.137,0.9995,1
122,left,17.641,0.9996,1
123,left,13.878,0.9995,1
124,left,13.962,0.9997,1
125,left,15.141,0.9989,1
126,left,13.775,0.9991,1
127,left,13.86,0.9995,1
128,down,13.251,0.9991,1
129,up,2.802,0.9989,1
130,right,2.454,0.9996,1
131,right,22.98,0.9994,1
132,right,24.503,0.9995,1
133,right,26.316,0.9996,1
134,right,28.976,0.9996,1
135,up,28.685,0.9998,1
136,right,14.966,0.9998,1
137,left,25.93,0.9999,1
138,up,21.064,0.9995,1
139,down,11.821,0.9998,1
140,right,5.336,0.9996,1
141,right,24.85,0.9998,1
142,down,25.468,0.9998,1
143,down,16.332,0.9998,1
144,left,3.091,0.9999,1
145,right,25.492,0.9996,1
